[
{"judul": "Jokowi Nilai Perkembangan Destinasi Wisata Candi Borobudur Masih Lambat"},
{"judul": "Jokowi Minta Pengelola Batasi Jumlah Pengunjung yang Naik ke Candi Borobudur"},
{"judul": "Suasana Malioboro Tanpa Kendaraan Bermotor"},
{"judul": "Hutan Pinus Mangunan, Spot Keren Seindah Hutan Forks di Twilight"},
{"judul": "Berburu Secercah Cahaya Surga di Gua Jomblang"},
{"judul": "Tak ingin kecelakaan maut terulang, izin mobil jip wisata di Gunung Merapi diperketat"},
{"judul": "Polisi tetapkan sopir mobil jip wisata Gunung Merapi sebagai tersangka"},
{"judul": "27 Wisatawan disengat ubur-ubur di pantai Gunungkidul"},
{"judul": "Meski status waspada, wisata di lereng Merapi tetap jadi primadona"},
{"judul": "32 Objek wisata Jogja yang murah meriah dan Instagramable"},
{"judul": "Menikmati keasrian Desa Wisata Kaki Langit Mangunan dengan jip"},
{"judul": "Promosi wisata, pemuda buat batu susun di sungai Brongkol Sedayu Kabupaten Bantul"},
{"judul": "Sultan Hamengku Buwono X: Pantai selatan bisa jadi kekuatan baru"},
{"judul": "Penampakan Jalan Malioboro tanpa PKL"},
{"judul": "Sultan minta warga tidak 'peras' wisata Yogyakarta"},
{"judul": "Selama liburan, jumlah pengunjung pantai di Gunungkidul membeludak"},
{"judul": "Penataan kawasan Malioboro DIY belum nyaman bagi difabel"},
{"judul": "Selama libur Natal & Tahun Baru, DIY larang bus parkir depan hotel"},
{"judul": "Banyak tempat wisata baru, wisatawan ke Yogyakarta meningkat"},
{"judul": "Keseruan warga Yogyakarta arak dan nikmati jutaan bakpia gratis"}
]